P1 Alg,P2 Alg,Time Horizon,Agent Alg,Market Share for P1,P1 Regret Mean,P1 Regret Std,P2 Regret Mean,P2 Regret Std,Abs Average Delta Regret,Memory Size
ThompsonSampling,ThompsonSampling,500.0,HardMax,0.48179999999999995,0.12047616154405923,0.025030855289835462,0.10280508746576619,0.018501708537812047,0.034987343587446977,1
ThompsonSampling,ThompsonSampling,500.0,HardMax,0.55769999999999997,0.11099685858809001,0.040360445707311163,0.13217387341477108,0.043923828634798809,0.073450692882889052,5
ThompsonSampling,ThompsonSampling,500.0,HardMax,0.66110000000000002,0.10335812311542428,0.035223255215251513,0.090431378048726835,0.028808408512955574,0.081077738062979646,100
ThompsonSampling,ThompsonSampling,500.0,HardMax,0.65110000000000001,0.11217772776605071,0.055030950673872175,0.10997747009443823,0.036079503995449354,0.10057501016328133,500
