P1 Alg,P2 Alg,Agent Alg,Market Share for P1,P1 Regret Mean,P1 Regret Std,P2 Regret Mean,P2 Regret Std,Abs Average Delta Regret,Memory Size
ThompsonSampling,ThompsonSampling,HardMax,0.48999999999999999,0.099918637373828639,0.002595283952447909,0.083584626508365067,0.012365931460366276,0.016334010865463586,1
ThompsonSampling,ThompsonSampling,HardMax,0.52600000000000002,0.078059776637071698,0.0076318078543629875,0.090628688139595057,0.0062653543540573536,0.013897162208420341,5
ThompsonSampling,ThompsonSampling,HardMax,0.5,0.068785042565759666,0.0,0.068785042565759666,0.0,nan,100
ThompsonSampling,ThompsonSampling,HardMax,0.5,0.068785042565759666,0.0,0.068785042565759666,0.0,nan,500
